title,episode_number,coverage_start_date,coverage_end_date,coverage_date
"1: January 2, 2017",1,"January 2, 2017","January 2, 2017","January 2, 2017"
"2: December 31, 1999 (Y2K)",2,,,
3: The Secret of 2017,3,,,
4: Research and Stand Up,4,,,
"5: January 19, 2017",5,"January 19, 2017","January 19, 2017","January 19, 2017"
6: Inauguration Speech Recap,6,,,
"7: January 23-24, 2017",7,"January 23, 2017","January 24, 2017",
"8: January 26-27, 2017",8,"January 26, 2017","January 27, 2017",
9: Joe Rogan Appearance,9,,,
"10: February 6, 2017",10,"February 6, 2017","February 6, 2017","February 6, 2017"
InfoWars Roulette #1,S001,,,
"11: February 10, 2017",11,"February 10, 2017","February 10, 2017","February 10, 2017"
12: Jon Rappoport,12,,,
"13: February 14, 2017",13,"February 14, 2017","February 14, 2017","February 14, 2017"
"14: February 17, 2017",14,"February 17, 2017","February 17, 2017","February 17, 2017"
"15: February 20-21, 2017",15,"February 20, 2017","February 21, 2017",
"16: February 24, 2017",16,"February 24, 2017","February 24, 2017","February 24, 2017"
"17: February 7, 2017",17,"February 7, 2017","February 7, 2017","February 7, 2017"
"18: March 1, 2017/Super Bowl Bonus",18,"March 1, 2017","March 1, 2017","March 1, 2017"
"19: March 3, 2017",19,"March 3, 2017","March 3, 2017","March 3, 2017"
20: March 6 & Celebrity Cameos,20,"March 6, 2017","March 6, 2017","March 6, 2017"
"21: March 9, 2017",21,"March 9, 2017","March 9, 2017","March 9, 2017"
"22: March 14, 2017",22,"March 14, 2017","March 14, 2017","March 14, 2017"
"23: March 16-17, 2017",23,"March 16, 2017","March 17, 2017",
"24: March 23, 2017",24,"March 23, 2017","March 23, 2017","March 23, 2017"
25: Dennis Montgomery Investigation,25,"March 20, 2017","March 24, 2017",
26: March 30 (Special Report),26,"March 30, 2017","March 30, 2017","March 30, 2017"
"27: March 31, 2017",27,"March 31, 2017","March 31, 2017","March 31, 2017"
28: How Not To Cover Alex Jones,28,,,
"29: April 11, 2017",29,"April 11, 2017","April 11, 2017","April 11, 2017"
"30: April 14, 2017",30,"April 14, 2017","April 14, 2017","April 14, 2017"
"31: April 17, 2017",31,"April 17, 2017","April 17, 2017","April 17, 2017"
"32: April 21, 2017",32,"April 21, 2017","April 21, 2017","April 21, 2017"
"33: April 22, 2017",33,"April 22, 2017","April 22, 2017","April 22, 2017"
"34: April 25, 2017",34,"April 25, 2017","April 25, 2017","April 25, 2017"
35: Custody Press Conference,35,,,
"36: June 29, 2015",36,"June 29, 2015","June 29, 2015","June 29, 2015"
"37: May 1, 2017",37,"May 1, 2017","May 1, 2017","May 1, 2017"
38: 30 Hour Marathon Coverage,38,,,
39: Jack Posobiec...Ya Busted,39,,,
"40: May 10, 2017",40,"May 10, 2017","May 10, 2017","May 10, 2017"
"41: May 12, 2017",41,"May 12, 2017","May 12, 2017","May 12, 2017"
Spiritual Correction,S003,,,
"42: March 11, 2014",42,"March 11, 2014","March 11, 2014","March 11, 2014"
"43: May 17, 2017",43,"May 17, 2017","May 17, 2017","May 17, 2017"
"44: May 22, 2017",44,"May 22, 2017","May 22, 2017","May 22, 2017"
"45: May 25, 2017",45,"May 25, 2017","May 25, 2017","May 25, 2017"
"46: June 18, 2015",46,"June 18, 2015","June 18, 2015","June 18, 2015"
"47: June 19-July 5, 2015",47,"June 19, 2015","July 5, 2015",
"48: May 31, 2017",48,"May 31, 2017","May 31, 2017","May 31, 2017"
49: July 6-13. 2015,49,"July 6, 2015","July 13, 2015",
50: Bohemian Grove...Ya Busted,50,,,
"51: June 6, 2017",51,"June 6, 2017","June 6, 2017","June 6, 2017"
"52: July 14-21, 2015",52,"July 14, 2015","July 21, 2015",
"53: June 12, 2017",53,"June 12, 2017","June 12, 2017","June 12, 2017"
54: Megyn Kelly Interview Pt. 1,54,,,
55: Megyn Kelly Interview Pt. 2,55,,,
"56: July 22-Aug 11, 2015",56,"July 22, 2015","August 11, 2015",
"57: August 12-16, 2015",57,"August 12, 2015","August 16, 2015",
"58: June 23, 2017",58,"June 23, 2017","June 23, 2017","June 23, 2017"
"59: August 17-18, 2015",59,"August 17, 2015","August 18, 2015",
60: Mars Colonies,60,,,
"61: July 5, 2017",61,"July 5, 2017","July 5, 2017","July 5, 2017"
"62: August 19-26, 2015",62,"August 19, 2015","August 26, 2015",
TWTWYTT Special,S004,,,
"63: July 12, 2017",63,"July 12, 2017","July 12, 2017","July 12, 2017"
"64: Aug 27-Sep 1, 2015",64,"August 27, 2015","September 1, 2015",
"65: September 2-4, 2015",65,"September 2, 2015","September 4, 2015",
"66: September 6-17, 2015",66,"September 6, 2015","September 17, 2015",
67: Protocols of Zion,67,,,
"68: September 19-28, 2015",68,"September 19, 2015","September 28, 2015",
"69: August 1, 2017",69,"August 1, 2017","August 1, 2017","August 1, 2017"
"70: Sep 29- Oct 3, 2015",70,"September 29, 2015","October 3, 2015",
"71: August 4, 2017",71,"August 3, 2017","August 4, 2017",
"72: August 9, 2017",72,"August 9, 2017","August 9, 2017","August 9, 2017"
"73: August 12, 2017",73,"August 12, 2017","August 12, 2017","August 12, 2017"
"74: October 4-6, 2015",74,"October 4, 2015","October 6, 2015",
"75: January 7, 2011",75,"January 7, 2011","January 7, 2011","January 7, 2011"
"76: October 7-11, 2015",76,"October 7, 2015","October 11, 2015",
"77: August 23, 2017",77,"August 23, 2017","August 23, 2017","August 23, 2017"
"78: October 12-15, 2015",78,"October 12, 2015","October 15, 2015",
79: Meet Captain Mark Richards,79,,,
"80: October 16-26, 2015",80,"October 16, 2015","October 26, 2015",
"81: September 6-7, 2017",81,"September 6, 2017","September 7, 2017",
"82: Oct. 27-Nov. 9, 2015",82,"October 27, 2015","November 9, 2015",
"83: November 10-12, 2015",83,"November 10, 2015","November 11, 2015",
"84: December 21, 2012",84,"December 21, 2012","December 21, 2012","December 21, 2012"
"85: September 20-21, 2017",85,"September 20, 2017","September 21, 2017",
"86: September 22, 2017",86,"September 22, 2017","September 22, 2017","September 22, 2017"
The Halloween Story,S005,"August 6, 2015","August 6, 2015","August 6, 2015"
87: Mark Richards Revisited,87,,,
88: The 2015 Investigation Ends,88,"December 16, 2015","December 30, 2015",
"89: December 31, 2015",89,"December 31, 2015","December 31, 2015","December 31, 2015"
"90: October 10, 2017",90,"October 10, 2017","October 10, 2017","October 10, 2017"
"91: October 11, 2017",91,"October 11, 2017","October 11, 2017","October 11, 2017"
"92: October 13 & 16, 2017",92,"October 13, 2017","October 16, 2017",
93: 2015 Investigation Last Looks,93,,,
"94: October 19, 2017",94,"October 19, 2017","October 19, 2017","October 19, 2017"
95: Project Camelot Break,95,,,
"96: October 22-23, 2017",96,"October 22, 2017","October 23, 2017",
"97: October 25, 2017",97,"October 25, 2017","October 25, 2017","October 25, 2017"
"98: May 2-3, 2012",98,"May 2, 2012","May 3, 2012",
"99: November 1, 2017",99,"November 1, 2017","November 1, 2017","November 1, 2017"
"100: January 6-7, 2016",100,"January 6, 2016","January 7, 2016",
"101: January 11, 2016",101,"November 11, 2016","November 11, 2016","November 11, 2016"
102: Alex On Russian Media,102,,,
"103: January 17, 2016",103,"January 17, 2016","January 17, 2016","January 17, 2016"
"104: November 20, 2017",104,"November 20, 2017","November 20, 2017","November 20, 2017"
"105: March 18, 2014",105,"March 18, 2014","March 18, 2014","March 18, 2014"
106: Drunk Special Report,106,,,
"107: December 12, 2014",107,"December 12, 2014","December 12, 2014","December 12, 2014"
"108: November 30, 2017",108,"November 30, 2017","November 30, 2017","November 30, 2017"
"109: December 4, 2017",109,"December 4, 2017","December 4, 2017","December 4, 2017"
"110: December 5, 2017",110,"December 5, 2017","December 5, 2017","December 5, 2017"
"111: January 21-22, 2016",111,"January 21, 2016","January 22, 2016",
"112: December 15, 2017",112,"December 15, 2017","December 15, 2017","December 15, 2017"
"113: February 21-23, 2014",113,"February 21, 2014","February 23, 2014",
114: Piers Morgan Interview,114,"January 27, 2013","January 27, 2013","January 27, 2013"
"115: January 2, 2018",115,"January 2, 2018","January 2, 2018","January 2, 2018"
"116: January 5, 2018",116,"January 5, 2018","January 5, 2018","January 5, 2018"
"117: January 8, 2018",117,"January 8, 2018","January 8, 2018","January 8, 2018"
"118: January 10-11, 2018",118,"January 10, 2018","January 11, 2018",
"119: August 16, 2012",119,"August 16, 2012","August 16, 2012","August 16, 2012"
"120: January 27, 2016",120,"January 27, 2016","January 27, 2016","January 27, 2016"
"121: April 1-2, 2013",121,"April 1, 2013","April 2, 2013",
"122 LIVE: March 1-2, 2012",122,"March 1, 2012","March 2, 2012",
"123: March 18, 2008",123,"March 18, 2008","March 18, 2008","March 18, 2008"
"124: March 23, 2008",124,"March 23, 2009","March 23, 2008",
125: Project Camelot's War In Heaven,125,,,
"126: February 2, 2018 (Special Report)",126,"February 2, 2018","February 2, 2018","February 2, 2018"
"127: February 8, 2018",127,"February 8, 2018","February 8, 2018","February 8, 2018"
"128: March 3, 2015",128,"March 5, 2015","March 5, 2015","March 5, 2015"
129: David Rothschild Interview,129,,,
"130A: Endgame, Part 1",130A,,,
"130B: Endgame, Part 2",130B,,,
"130C: Endgame, Part 3",130C,,,
"130D: Endgame, Part 4",130D,,,
"130E: Endgame, Part 5",130E,,,
131: David Lynch Interview,131,,,
132: Minisode,132,,,
133: Operation Paul Revere,133,,,
134: Post-Tribulation Rapture?,134,,,
135: The Wikileaks Press Conference,135,,,
"136: March 30-31, 2008",136,"March 30, 2008","March 31, 2008",
"137: March 12, 2018",137,"March 12, 2018","March 12, 2018","March 12, 2018"
"138: March 13-15, 2018",138,"March 13, 2018","March 15, 2018",
139: St. Patrick's Day Special Report,139,,,
"140: February 18, 2011",140,"February 18, 2011","February 18, 2011","February 18, 2011"
"141: March 20-22, 2018",141,"March 20, 2018","March 22, 2018",
"142: March 23, 2018",142,"March 23, 2018","March 23, 2018","March 23, 2018"
143: March 25-31 Part 1,143,"March 25, 2018","March 31, 2018",
"144: March 25-31, Part 2",144,"March 25, 2018","March 31, 2018",
"145: April 2, 2018",145,"April 2, 2018","April 2, 2018","April 2, 2018"
"146: April 4, 2018",146,"April 4, 2018","April 4, 2018","April 4, 2018"
147: Aaron Russo,147,,,
"148: June 1-3, 2009",148,"June 1, 2009","June 3, 2009",
149: The Press Conference,149,,,
150: Alex Jones Attempts A Face Turn,150,,,
"151: April 16, 2018",151,"April 16, 2018","April 16, 2018","April 16, 2018"
"152: April 18, 2018",152,"April 18, 2018","April 18, 2018","April 18, 2018"
153: More Mark Richards Fun,153,,,
"154: April 23, 2018",154,"April 23, 2018","April 23, 2018","April 23, 2018"
"155: January 7-9, 2009",155,"January 7, 2009","January 9, 2009",
156: Gaseous Beings and Antiques,156,,,
157: WWE's Kane (Ft. Marty DeRosa),157,,,
"158: January 21, 2009",158,"January 21, 2009","January 21, 2009","January 21, 2009"
159: Mantids and Chakra Attacks,159,,,
"160: January 22-25, 2009",160,"January 22, 2009","January 25, 2009",
"161: May 14, 2018",161,"May 14, 2018","May 14, 2018","May 14, 2018"
"162: May 19, 2018",162,"May 19, 2018","May 19, 2018","May 19, 2018"
"163: January 27-29, 2009",163,"January 27, 2009","January 29, 2009",
"164: May 25, 2018",164,"May 25, 2018","May 25, 2018","May 25, 2018"
"165: Rotondo, Round 2",165,,,
"166: February 2-3, 2009",166,"February 2, 2009","February 3, 2009",
"167: February 4-5, 2009",167,"February 4, 2009","February 5, 2009",
168: Alex Vs. Bill Ayers,168,,,
"169: November 30, 2014",169,"November 30, 2014","November 30, 2014","November 30, 2014"
170: Live In Austin,170,"January 25, 2015","January 25, 2015","January 25, 2015"
171: Loosh and Let Live,171,,,
"172: June 11, 2013",172,"June 11, 2013","June 11, 2013","June 11, 2013"
"173: February 6-10, 2009",173,"February 6, 2009","February 10, 2009",
"174: February 11, 2009",174,"February 11, 2009","February 11, 2009","February 11, 2009"
175: Giants And Bonus Potatoes,175,,,
"176: June 28, 2018",176,"June 28, 2018","June 28, 2018","June 28, 2018"
177: Sweary Kerry and the Racist Alien,177,,,
178: Rowdy Roddy Piper w/ Marty DeRosa,178,,,
"179: July 10, 2018",179,"July 10, 2018","July 10, 2018","July 10, 2018"
180: Heresy and God Kings,180,,,
"181: August 16, 2016",181,"August 16, 2016","August 16, 2016","August 16, 2016"
182: Pay-To-Play Satan Fears,182,,,
InfoWars Roulette #2,S006,,,
"183: February 12-16, 2009",183,"February 12, 2009","February 16, 2009",
184: Godly Particles and Illiteracy,184,,,
"185: July 27, 2018",185,"July 27, 2018","July 27, 2018","July 27, 2018"
"186: February 17-18, 2009",186,"February 17, 2009","February 18, 2009",
187: Magic Cheesecloth and Secret Pleiadians,187,,,
"188: August 1, 2018",188,"August 1, 2018","August 1, 2018","August 1, 2018"
"189: February 19-20, 2009",189,"February 19, 2009","February 20, 2009",
"190: August 6, 2018",190,"August 6, 2018","August 6, 2018","August 6, 2018"
191: Blood Moons and Our First Call-In,191,,,
"192: August 10, 2018",192,"August 10, 2018","August 10, 2018","August 10, 2018"
193: Big Skeletons and Pencil Ink,193,,,
"194: February 22-24, 2009",194,"February 22, 2009","February 24, 2009",
"195: August 17, 2018",195,"August 17, 2018","August 17, 2018","August 17, 2018"
"196: August 21, 2018",196,"August 21, 2018","August 21, 2018","August 21, 2018"
197: Jared Holt from the Sh!tpost Podcast,197,,,
"198: July 22, 2011",198,"July 22, 2011","July 22, 2011","July 22, 2011"
"199: August 29, 2018",199,"August 29, 2018","August 29, 2018","August 29, 2018"
"200: Feb. 25-March 1, 2009",200,"February 25, 2009","March 1, 2009",
201: A New Messiah and The Plunger Toss,201,,,
"202: September 4-6, 2018",202,"September 4, 2018","September 6, 2018",
"203: March 2-4, 2009",203,"March 2, 2009","March 4, 2009",
204: Sweary Kerry's Larry,204,,,
"205: September 13, 2018",205,"September 13, 2018","September 13, 2018","September 13, 2018"
"206: March 4-5, 2009",206,"March 4, 2009","March 5, 2009",
207: Bus Station Photography and The Magic of Zoom,207,,,
"208: March 6-8, 2009",208,"March 6, 2009","March 8, 2009",
209: Drunk Hotel Interview,209,,,
"210: March 9, 2009",210,"March 9, 2009","March 9, 2009","March 9, 2009"
"211: March 10, 2009",211,"March 10, 2009","March 10, 2009","March 10, 2009"
212: Matrix Schemes and Billions In Liens,212,,,
"213: October 2, 2018",213,"October 2, 2018","October 2, 2018","October 2, 2018"
214: Cruel Parallels,214,,,
"215: March 11-12, 2009",215,"March 11, 2009","March 12, 2009",
"216: November 11, 2010",216,"November 11, 2010","November 11, 2010","November 11, 2010"
217: Space Liars and Dragon Moths,217,,,
"218: October 17, 2018",218,"October 17, 2018","October 17, 2018","October 17, 2018"
"219: March 13, 2009",219,"March 13, 2009","March 13, 2009","March 13, 2009"
"220: October 23, 2018",220,"October 23, 2018","October 23, 2018","October 23, 2018"
"221: October 24, 2018",221,"October 24, 2018","October 24, 2018","October 24, 2018"
"222: March 15-19, 2009",222,"March 15, 2009","March 19, 2009",
223: A Progressive Space Diplomat,223,,,
"224: March 20, 2009",224,"March 20, 2009","March 20, 2009","March 20, 2009"
"225: November 2, 2018",225,"November 2, 2018","November 2, 2018","November 2, 2018"
"226: November 7, 2018",226,"November 7, 2018","November 7, 2018","November 7, 2018"
"227: March 23, 2009",227,"March 23, 2009","March 23, 2009","March 23, 2009"
228: Old Alex Clips,228,,,
229: Mars Germans and Moon Leases,229,,,
"230A: Obama Deception, Part 1",230A,,,
"230B: Obama Deception, Part 2",230B,,,
"230C: Obama Deception, Part 3",230C,,,
"230D: Obama Deception, Part 4",230D,,,
"230E: Obama Deception, Part 5",230E,,,
"231: March 24, 2009",231,"March 24, 2009","March 24, 2009","March 24, 2009"
232: Reverend Manning,232,,,
"233: November 28, 2018",233,"November 28, 2018","November 28, 2018","November 28, 2018"
"234: March 26, 2009",234,"March 26, 2009","March 26, 2009","March 26, 2009"
"236: December 4-5, 2018",236,"December 4, 2018","December 5, 2018",
"237: March 27, 2009",237,"March 27, 2009","March 27, 2009","March 27, 2009"
238: Coach Dave,238,,,
"239: December 12-13, 2018",239,"December 12, 2018","December 13, 2018",
"240: March 30-31, 2009",240,"March 30, 2009","March 31, 2009",
241: Larry Gets Coached,241,,,
"242: December 18-19, 2018",242,"December 18, 2018","December 19, 2018",
"243: April 1-2, 2009",243,"April 1, 2009","April 2, 2009",
"244: October 5, 2014",244,"October 5, 2014","October 5, 2014","October 5, 2014"
"245: December 24, 2018",245,"December 24, 2018","December 24, 2018","December 24, 2018"
"246: April 5-6, 2009",246,"April 5, 2009","April 6, 2009",
247: Lionel,247,,,
"248: January 2, 2019",248,"January 2, 2019","January 2, 2019","January 2, 2019"
249: Predicting 9/11,249,,,
250: Remote Poisoners And Crypto Bigotry,250,,,
"251: January 8, 2019",251,"January 8, 2019","January 8, 2019","January 8, 2019"
"252: April 7-8, 2009",252,"April 7, 2009","April 8, 2009",
"253: January 15, 2019",253,"January 15, 2019","January 15, 2019","January 15, 2019"
"254: April 9-10, 2009",254,"April 9, 2009","April 10, 2009",
"255: September 25, 2011",255,"September 25, 2011","September 25, 2011","September 25, 2011"
"256: January 17-23, 2019",256,"January 17, 2019","January 23, 2019",
"257: January 25, 2019",257,"January 25, 2019","January 25, 2019","January 25, 2019"
"258: April 12-13, 2009",258,"April 12, 2009","April 13, 2009",
"259: January 27-29, 2019",259,"January 27, 2019","January 29, 2019",
260: Aliens Need Editors,260,,,
"261: February 5-6, 2019",261,"February 5, 2019","February 6, 2019",
"262: April 14, 2009",262,"April 14, 2009","April 14, 2009","April 14, 2009"
263: Jordan Takes The Wheel,263,,,
"264: February 11-13, 2019",264,"February 11, 2019","February 13, 2019",
"265: September 1, 2011",265,"September 1, 2011","September 1, 2011","September 1, 2011"
"266: December 14, 2012",266,,,
"267: December 16, 2012",267,,,
"268: December 17-18, 2012",268,"December 17, 2012","December 18, 2012",
"269: December 19, 2012",269,"December 19, 2012","December 19, 2012","December 19, 2012"
270: The Rogan Return,270,,,
271: The Serpent Loves Word Games,271,,,
"272: December 20, 2012",272,"December 20, 2012","December 20, 2012","December 20, 2012"
"273: March 5-6, 2019",273,"March 5, 2019","March 6, 2019",
274: Ask Alex Anything,274,,,
"275: December 23-31, 2012",275,"December 23, 2012","December 31, 2012",
"276: January 1-2, 2013",276,"January 1, 2013","January 2, 2013",
"277: March 15, 2019",277,"March 15, 2019","March 15, 2019","March 15, 2019"
"278: January 3, 2013",278,"January 3, 2013","January 3, 2013","January 3, 2013"
279: Formulaic Objections,279,,,
280: Raptor Weddings and Sardinian Spiders,280,,,
"281: April 4, 2019",281,"April 4, 2019","April 4, 2019","April 4, 2019"
"282: April 5, 2019",282,"April 5, 2019","April 5, 2019","April 5, 2019"
"283: January 4-6, 2013",283,"January 4, 2013","January 6, 2013",
"284: April 12, 2019",284,"April 12, 2019","April 12, 2019","April 12, 2019"
285: Lil' Taste of Poland,285,,,
286: Wrestling With Disappointment,286,,,
"287: April 15-18, 2019",287,"April 15, 2019","April 18, 2019",
"288: January 7-9, 2013",288,"January 7, 2013","January 9, 2013",
"289: January 10-13, 2013",289,"January 10, 2013","January 13, 2013",
"290: April 25-26, 2019",290,"April 25, 2019","April 26, 2019",
291: Feline Contessas And Canine Capitalists,291,,,
"292: January 14, 2013",292,"January 14, 2013","January 14, 2013","January 14, 2013"
"293: May 2-3, 2019",293,"May 2, 2019","May 3, 2019",
"294: January 15-16, 2013",294,"January 15, 2013","January 16, 2013",
295: Crossover With QAnon Anonymous,295,,,
"296: May 8, 2019",296,"May 8, 2019","May 8, 2019","May 8, 2019"
"297: January 17-18, 2013",297,"January 17, 2013","January 18, 2013",
"298: January 20-23, 2013",298,"January 20, 2013","January 23, 2013",
"299: May 17-20, 2019",299,"May 17, 2019","May 20, 2019",
"300: May 21-22, 2019",300,"May 21, 2019","May 22, 2019",
"301: January 24-28, 2013",301,"January 24, 2013","January 28, 2013",
302: Discernment Overload,302,,,
"303: January 29-31, 2013",303,"January 29, 2013","January 31, 2013",
"304: May 30-31, 2019",304,"May 30, 2019","May 31, 2019",
"305: February 1, 2013",305,"February 1, 2013","February 1, 2013","February 1, 2013"
"306: June 4-5, 2019",306,"June 4, 2019","June 5, 2019",
"307: February 3-5, 2013",307,"February 3, 2013","February 5, 2013",
"308: February 6-8, 2013",308,"February 6, 2013","February 8, 2013",
"309: June 10-11, 2019",309,"June 10, 2019","June 11, 2019",
"310: June 13-14, 2019",310,"June 13, 2019","June 14, 2019",
"311: June 17-19, 2019",311,"June 17, 2019","June 19, 2019",
"312: February 10-13, 2013",312,"February 10, 2013","February 13, 2013",
"313: June 23-24, 2019",313,"June 23, 2019","June 24, 2019",
"314: February 14-15, 2013",314,"February 14, 2013","February 15, 2013",
"315: February 17-18, 2013",315,"February 17, 2013","February 18, 2013",
"316: July 1, 2019",316,"July 1, 2019","July 1, 2019","July 1, 2019"
"317: February 19-20, 2013",317,"February 19, 2013","February 20, 2013",
"318: July 5, 2019",318,"July 5, 2019","July 5, 2019","July 5, 2019"
"319: July 7-8, 2019",319,"July 8, 2019","July 9, 2019",
"320: February 21-22, 2013",320,"February 21, 2013","February 23, 2013",
"321: February 24-26, 2013",321,"February 24, 2013","February 26, 2013",
"322: July 16-17, 2019",322,"July 16, 2019","July 17, 2019",
"323: July 19, 2019",323,"July 19, 2019","July 19, 2019","July 19, 2019"
324: Bilderberg Speeches,324,,,
"325: Feb. 27-Mar. 10, 2013",325,"February 27, 2013","March 10, 2013",
"326: July 26-29, 2019",326,"July 26, 2019","July 29, 2019",
"327: July 31, 2019",327,"July 31, 2019","July 31, 2019","July 31, 2019"
"328: March 11-12, 2013",328,"March 11, 2013","March 12, 2013",
"329: August 4-5, 2019",329,"August 4, 2019","August 5, 2019",
330: Magic Coins And Sheep Nations,330,,,
"331: March 13-14, 2013",331,"March 13, 2013","March 14, 2013",
332: Anunnaki Stasis and Emerald Treaties,332,,,
"333: August 16, 2019",333,"August 16, 2019","August 16, 2019","August 16, 2019"
"334: August 21-22, 2019",334,"August 21, 2019","August 22, 2019",
"335: March 15-22, 2013",335,"March 15, 2013","March 22, 2013",
"336: March 24-26, 2013",336,"March 24, 2013","March 26, 2013",
"337: August 28-29, 2019",337,"August 28, 2019","August 29, 2019",
"338: March 27-28, 2013",338,"March 27, 2013","March 28, 2013",
"339: March 29-April 1, 2013",339,"March 29, 2013","April 1, 2013",
340: All About Steve,340,,,
"341: September 5, 2019",341,"September 5, 2019","September 5, 2019","September 5, 2019"
"342: September 6-11, 2019",342,"September 6, 2019","September 11, 2019",
"343: April 3-8, 2013",343,"April 3, 2013","April 8, 2013",
"344: April 9-10, 2013",344,"April 9, 2013","April 10, 2013",
"345: September 19, 2019",345,"September 19, 2019","September 19, 2019","September 19, 2019"
"346: April 11-14, 2013",346,"April 11, 2013","April 13, 2013",
"347: September 23, 2019",347,"September 23, 2019","September 23, 2019","September 23, 2019"
"348: September 24-25, 2019",348,"September 24, 2019","September 25, 2019",
"349: April 15-16, 2013",349,"April 15, 2013","April 16, 2013",
"350: September 29-30, 2019",350,"September 29, 2019","September 30, 2019",
351: Jordan Takes The Wheel 2,351,,,
"352: April 17, 2013",352,"April 17, 2013","April 17, 2013","April 17, 2013"
353: Mark Richards Pt. 11,353,,,
"354: October 8-9, 2019",354,"October 8, 2019","October 9, 2019",
"355: April 18, 2013",355,"April 18, 2013","April 18, 2013","April 18, 2013"
"356: October 11, 2019",356,"October 11, 2019","October 11, 2019","October 11, 2019"
"357: October 16, 2019",357,"October 16, 2019","October 16, 2019","October 16, 2019"
"358: October 18, 2019",358,"October 18, 2019","October 18, 2019","October 18, 2019"
359: It's All Legs,359,,,
"360: October 23, 2019",360,"October 23, 2019","October 23, 2019","October 23, 2019"
"361: April 19, 2013",361,"April 19, 2013","April 19, 2013","April 19, 2013"
362: There Is No Mermaid,362,,,
"363: October 30, 2019",363,"October 30, 2019","October 30, 2019","October 30, 2019"
"364: April 21-22, 2013",364,"April 22, 2013","April 23, 2013",
365: She Doesn't Do Politics,365,,,
"366: November 5-6, 2019",366,"November 5, 2019","November 6, 2019",
"367: April 23, 2013",367,"April 23, 2013","April 23, 2013","April 23, 2013"
"368: November 11-12, 2019",368,"November 11, 2019","November 12, 2019",
"369: November 13, 2019",369,"November 13, 2019","November 13, 2019","November 13, 2019"
"370: November 14-15, 2019",370,"November 14, 2019","November 15, 2019",
371: Canonical Space Weirdness,371,,,
"372: November 20-21, 2019",372,"November 20, 2019","November 21, 2019",
"373: April 24, 2013",373,"April 24, 2013","April 24, 2013","April 24, 2013"
"374: November 25, 2019",374,"November 25, 2019","November 25, 2019","November 25, 2019"
"375: November 29, 2019",375,"November 29, 2019","November 29, 2019","November 29, 2019"
"376: December 3-5, 2019",376,"December 3, 2019","December 5, 2019",
"377: December 6-10, 2019",377,"December 6, 2019","December 10, 2019",
378: Formulaic Objections Part 2,378,,,
"379: December 13-16, 2019",379,"December 13, 2019","December 16, 2019",
"380: December 19-20, 2019",380,"December 19, 2019","December 20, 2019",
381: Making It Big With Silent Weapons,381,,,
"382: December 23-27, 2019",382,"December 23, 2019","December 27, 2019",
"383: December 31, 2019",383,"December 31, 2019","December 31, 2019","December 31, 2019"
"384: January 3, 2020",384,"January 3, 2020","January 3, 2020","January 3, 2020"
"385: January 6, 2020",385,"January 6, 2020","January 6, 2020","January 6, 2020"
"386: January 8, 2020",386,"January 8, 2020","January 8, 2020","January 8, 2020"
"387: May 13, 2014",387,"May 13, 2014","May 13, 2014","May 13, 2014"
"388: January 12-13, 2020",388,"January 12, 2020","January 13, 2020",
"389: January 15-17, 2020",389,"January 15, 2020","January 17, 2020",
390: Grab Bag Minisode,390,,,
"391: January 22, 2020",391,"January 22, 2020","January 22, 2020","January 22, 2020"
"392: January 24, 2020",392,"January 24, 2020","January 24, 2020","January 24, 2020"
"393: January 28, 2020",393,"January 28, 2020","January 28, 2020","January 28, 2020"
"394: January 31, 2020",394,"January 31, 2020","January 31, 2020","January 31, 2020"
395: Ghosts Of Caucuses Past,395,,,
"396: February 6, 2020",396,"February 6, 2020","February 6, 2020","February 6, 2020"
"397: February 7-8, 2020",397,"February 7, 2020","February 8, 2020",
"398: February 9-10, 2020",398,"February 9, 2020","February 10, 2020",
"399: February 12-14, 2020",399,"February 12, 2020","February 14, 2020",
400: One Out Of Five Seems High,400,,,
401: Formulaic Objections Part 3,401,,,
"402: February 20, 2020",402,"February 20, 2020","February 20, 2020","February 20, 2020"
"403: February 24, 2020",403,"February 24, 2020","February 24, 2020","February 24, 2020"
404: Mr. Jones Goes To CPAC,404,,,
405: Root Races and Terminated Spiders,405,,,
"406: March 1-4, 2020",406,"March 1, 2020","March 4, 2020",
"407: March 5-10, 2020",407,"March 5, 2020","March 10, 2020",
"408: March 11-13, 2020",408,"March 11, 2020","March 13, 2020",
409: The Lionel Countdown,409,,,
"410: March 19-20, 2020",410,"March 19, 2020","March 20, 2020",
411: Jordan Takes The Wheel 3,411,,,
"412: March 24-25, 2020",412,"March 24, 2020","March 25, 2020",
"413: March 27, 2020",413,"March 27, 2020","March 27, 2020","March 27, 2020"
414: Bill Cooper's Ambitiously Bad Idea,414,,,
"415: April 1, 2020",415,"April 1, 2020","April 1, 2020","April 1, 2020"
"416: April 2, 2020",416,"April 2, 2020","April 2, 2020","April 2, 2020"
"417: April 5, 2020",417,"April 5, 2020","April 5, 2020","April 5, 2020"
"418: April 8, 2020",418,"April 8, 2020","April 8, 2020","April 8, 2020"
419: Disease Denial and Vampire Affirmation,419,,,
420: The Militia Tech Support Call-In Show,420,,,
"421: April 16, 2020",421,"April 16, 2020","April 16, 2020","April 16, 2020"
"422: April 17, 2020",422,"April 17, 2020","April 17, 2020","April 17, 2020"
"423: April 20, 2020",423,"April 20, 2020","April 20, 2020","April 20, 2020"
"424: April 21-22, 2020",424,"April 21, 2020","April 22, 2020",
"425: April 23-24, 2020",425,"April 23, 2020","April 24, 2020",
"426: April 27-28, 2020",426,"April 27, 2020","April 28, 2020",
"427: April 29-30, 2020",427,"April 29, 2020","April 30, 2020",
"428: May 1, 2020",428,"May 1, 2020","May 1, 2020","May 1, 2020"
"429: May 3-4, 2020",429,"May 3, 2020","May 4, 2020",
"430: May 5-7, 2020",430,"May 5, 2020","May 7, 2020",
431: Smash-N-Grab Spy Jobs,431,,,
"432: May 10-11, 2020",432,"May 10, 2020","May 11, 2020",
"433: May 12-13, 2020",433,"May 12, 2020","May 13, 2020",
434: Bill Cooper Covers OKC Part 1,434,"May 19, 1995","May 21, 1995",
"435: May 18-21, 2020",435,"May 18, 2020","May 21, 2020",
"436: May 22, 2020",436,"May 22, 2020","May 22, 2020","May 22, 2020"
437: Gawain With a Telescope,437,,,
"438: May 26-28, 2020",438,"May 26, 2020","May 28, 2020",
"439: May 29-31, 2020",439,"May 29, 2020","May 31, 2020",
"440: June 1-2, 2020",440,"June 1, 2020","June 2, 2020",
"441: June 3-4, 2020",441,"June 3, 2020","June 4, 2020",
"442: June 5, 2020",442,"June 5, 2020","June 5, 2020","June 5, 2020"
"443: June 9, 2020",443,"June 9, 2020","June 9, 2020","June 9, 2020"
"444: June 11, 2020",444,"June 11, 2020","June 11, 2020","June 11, 2020"
"445: June 12, 2020",445,"June 12, 2020","June 12, 2020","June 12, 2020"
446: The Super Alpha Male Championship,446,,,
447: Bill Cooper Covers OKC Part 2,447,"April 24, 1995","April 26, 1995",
"448: June 21-22, 2020",448,"June 21, 2020","June 22, 2020",
"449: June 23-24, 2020",449,"June 23, 2020","June 24, 2020",
"450: June 25-26, 2020",450,"June 25, 2020","June 26, 2020",
"451: June 29-30, 2020",451,"June 29, 2020","June 30, 2020",
452: Jordan Takes The Wheel 4,452,"July 1, 2020","July 1, 2020","July 1, 2020"
"453: July 2, 2020",453,"July 2, 2020","July 2, 2020","July 2, 2020"
"454: December 17, 2013",454,"December 17, 2013","December 17, 2013","December 17, 2013"
"455: July 7-8, 2020",455,"July 7, 2020","July 8, 2020",
"456: July 9-11, 2020",456,"July 9, 2020","July 11, 2020",
"457: July 12-13, 2020",457,"July 12, 2020","July 13, 2020",
"458: July 14, 2020",458,"July 14, 2020","July 14, 2020","July 14, 2020"
"459: July 17, 2020",459,"July 17, 2020","July 17, 2020","July 17, 2020"
460: Donk's Dojo,460,,,
"461: July 25, 2020",461,"July 25, 2020","July 25, 2020","July 25, 2020"
"462: July 26, 2020",462,"July 26, 2020","July 26, 2020","July 26, 2020"
"463: July 28-30, 2020",463,"July 28, 2020","July 30, 2020",
"464: July 31-August 1, 2020",464,"July 31, 2020","August 1, 2020",
"465: August 3-4, 2020",465,"August 3, 2020","August 4, 2020",
"466: August 5-6, 2020",466,"August 5, 2020","August 6, 2020",
"467: August 7-9, 2020",467,"August 7, 2020","August 9, 2020",
"468: August 11, 2020",468,"August 11, 2020","August 11, 2020","August 11, 2020"
"469: August 12-13, 2020",469,"August 12, 2020","August 13, 2020",
470: ShadowGate,470,,,
"471: August 14-16, 2020",471,"August 14, 2020","August 16, 2020",
"472: August 17-19, 2020",472,"August 17, 2020","August 19, 2020",
"473: August 20-21, 2020",473,"August 20, 2020","August 21, 2020",
"474: June 6, 2016",474,"June 6, 2016","June 6, 2016","June 6, 2016"
"475: August 24-26, 2020",475,"August 24, 2020","August 26, 2020",
476: Moon Colonies Part 2,476,,,
"477: September 3, 2020",477,"September 3, 2020","September 3, 2020","September 3, 2020"
"478: September 4, 2020",478,"September 4, 2020","September 4, 2020","September 4, 2020"
479: The Devil Went Down To Kiev,479,,,
"480: September 9-10, 2020",480,"September 9, 2020","September 10, 2020",
"481: September 13, 2012",481,"September 13, 2012","September 13, 2012","September 13, 2012"
"482: September 15, 2020",482,"September 15, 2020","September 15, 2020","September 15, 2020"
"483: September 17, 2020",483,"September 17, 2020","September 17, 2020","September 17, 2020"
"484: September 18-19, 2020",484,"September 18, 2020","September 19, 2020",
"485: September 23-24, 2020",485,"September 23, 2020","September 24, 2020",
"486: September 27, 2020",486,"September 27, 2020","September 27, 2020","September 27, 2020"
"487: September 28, 2020",487,"September 28, 2020","September 28, 2020","September 28, 2020"
488: The First Debate Spectacular,488,,,
"489: October 2-4, 2020",489,"October 2, 2020","October 4, 2020",
"490: October 9, 2020",490,"October 9, 2020","October 9, 2020","October 9, 2020"
"491: October 12, 2020",491,"October 12, 2020","October 12, 2020","October 12, 2020"
"492: October 13, 2020",492,"October 13, 2020","October 13, 2020","October 13, 2020"
"493: February 16, 2016",493,"February 16, 2016","February 16, 2016","February 16, 2016"
"494: October 19, 2020",494,"October 19, 2020","October 19, 2020","October 19, 2020"
"495: November 4-6, 2016",495,"November 4, 2016","November 6, 2016",
"496: October 22-23, 2020",496,"October 22, 2020","October 23, 2020",
497: Third Try's A Charm,497,,,
"498: November 7, 2016",498,"November 7, 2016","November 7, 2016","November 7, 2016"
499: Jordan Takes The Wheel 5,499,,,
"500: November 5-6, 2020",500,"November 5, 2020","November 6, 2020",
"501: November 7-8, 2020",501,"November 7, 2020","November 8, 2020",
502: Dan's Cara-Vanity Project Part 1,502,"November 9, 2020","November 11, 2020",
503: Dan's Cara-Vanity Project Part 2,503,"November 1, 2020","November 13, 2020",
"504: November 16-17, 2020",504,"November 16, 2020","November 17, 2020",
"505: November 18, 2020",505,"November 18, 2020","November 18, 2020","November 18, 2020"
"506: November 22-24, 2020",506,"November 22, 2020","November 24, 2020",
507: Jordan Doesn't Know About Walk-Ins,507,,,
"508: December 1-2, 2020",508,"December 1, 2020","December 2, 2020",
"509: December 3-4, 2020",509,"December 3, 2020","December 4, 2020",
510: Fourth Time Is Not A Charm,510,,,
511: The 12/12 Rallies,511,"December 12, 2020","December 12, 2020","December 12, 2020"
"512: December 16-17, 2020",512,"December 16, 2020","December 17, 2020",
"513: December 18, 2020",513,"December 18, 2020","December 18, 2020","December 18, 2020"
514: An X-Mas Report Rebuttal,514,,,
"515: December 28-29, 2020",515,"December 28, 2020","December 29, 2020",
"516: December 31, 2020- January 1, 2021",516,"December 30, 2020","January 1, 2021",
"517: January 5-6, 2021",517,"January 5, 2021","January 6, 2021",
"518: January 7-8, 2021",518,"January 7, 2021","January 8, 2021",
"519: January 10-11, 2021",519,"January 10, 2021","January 11, 2021",
"520: January 12-13, 2021",520,"January 12, 2021","January 13, 2021",
521: Salt Break,521,,,
"522: January 14-17, 2021",522,"January 14, 2021","January 17, 2021",
"523: January 18-19, 2021",523,"January 18, 2021","January 19, 2021",
524: Inauguration 2021,524,"January 20, 2021","January 20, 2021","January 20, 2021"
"525: January 27, 2021",525,"January 27, 2021","January 27, 2021","January 27, 2021"
"526: January 28-31, 2021",526,"January 28, 2021","January 31, 2021",
"527: February 4, 2021",527,"February 4, 2021","February 4, 2021","February 4, 2021"
528: 2021 Super Bowl Commercial Spectacular,528,"February 7, 2021","February 7, 2021","February 7, 2021"
"529: February 8, 2021",529,"February 8, 2021","February 8, 2021","February 8, 2021"
"530: February 10-11, 2021",530,"February 10, 2021","February 11, 2021",
"531: February 14, 2021",531,"February 14, 2021","February 14, 2021","February 14, 2021"
"532: February 15, 2021",532,"February 15, 2021","February 15, 2021","February 15, 2021"
"533: February 17, 2021",533,"February 17, 2021","February 17, 2021","February 17, 2021"
"534: February 19, 2021",534,"February 19, 2021","February 19, 2021","February 19, 2021"
"535: October 16, 2014",535,"October 16, 2014","October 16, 2014","October 16, 2014"
"536: February 28, 2021",536,"February 28, 2021","February 28, 2021","February 28, 2021"
"537: July 16-18, 2010",537,"July 16, 2010","July 18, 2010",
"538: March 2, 2021",538,"March 2, 2021","March 2, 2021","March 2, 2021"
"539: March 10, 2021",539,"March 10, 2021","March 10, 2021","March 10, 2021"
"540: March 15-16, 2021",540,"March 15, 2021","March 16, 2021",
"541: March 17-18, 2021",541,"March 17, 2021","March 18, 2021",
"542: September 15, 2010",542,"September 15, 2010","September 15, 2010","September 15, 2010"
"543: March 23-24, 2021",543,"March 23, 2021","March 24, 2021",
"544: May 1, 2003",544,"May 1, 2003","May 1, 2003","May 1, 2003"
"545: March 30-31, 2021",545,"March 30, 2021","March 31, 2021",
"546: April 1-3, 2021",546,"April 1, 2021","April 3, 2021",
"547: April 8, 2021",547,"April 8, 2021","April 8, 2021","April 8, 2021"
"548: May 5, 2003",548,"May 5, 2003","May 5, 2003","May 5, 2003"
"549: April 13-14, 2021",549,"April 13, 2021","April 14, 2021",
"550: April 16, 2021",550,"April 16, 2021","April 16, 2021","April 16, 2021"
"551: April 20-21, 2021",551,"April 20, 2021","April 21, 2021",
"552: May 6, 2003",552,"May 6, 2003","May 6, 2003","May 6, 2003"
"553: April 26-27, 2021",553,"April 26, 2021","April 27, 2021",
"554: April 30, 2021",554,"April 30, 2021","April 30, 2021","April 30, 2021"
"555: May 7, 2003",555,"May 7, 2003","May 7, 2003","May 7, 2003"
"556: May 6-7, 2021",556,"May 6, 2021","May 7, 2021",
"557: May 11, 2021",557,"May 11, 2021","May 11, 2021","May 11, 2021"
"558: May 8-9, 2003",558,"May 8, 2003","May 9, 2003",
559: Noam Man's Land,559,,,
"560: May 12-13, 2003",560,"May 12, 2003","May 13, 2003",
561: Jordan Takes The Wheel 6,561,,,
"562: May 27, 2021",562,"May 27, 2021","May 27, 2021","May 27, 2021"
"563: June 2, 2021",563,"June 2, 2021","June 2, 2021","June 2, 2021"
"564: May 15-20, 2003",564,"May 15, 2003","May 20, 2003",
"565: June 10, 2021",565,"June 10, 2021","June 10, 2021","June 10, 2021"
"566: May 21, 2003",566,"May 21, 2003","May 21, 2003","May 21, 2003"
"567: June 13, 2021",567,"June 13, 2021","June 13, 2021","June 13, 2021"
"568: June 19, 2021",568,"June 19, 2021","June 19, 2021","June 19, 2021"
"569: June 23, 2021",569,"June 23, 2021","June 23, 2021","June 23, 2021"
"570: June 24, 2021",570,"June 24, 2021","June 24, 2021","June 24, 2021"
"571: May 22-27, 2003",571,"May 22, 2003","May 27, 2003",
"572: June 28-30, 2021",572,"June 28, 2021","June 30, 2021",
"573: July 1, 2021",573,"July 1, 2021","July 1, 2021","July 1, 2021"
"574: May 28-29, 2003",574,"May 28, 2003","May 29, 2003",
"575: July 4, 2021",575,"July 4, 2021","July 4, 2021","July 4, 2021"
"576: July 9, 2021",576,"July 9, 2021","July 9, 2021","July 9, 2021"
"577: July 13, 2021",577,"July 13, 2021","July 13, 2021","July 13, 2021"
578: A Little Side Track,578,,,
"579: May 30, 2003",579,"May 30, 2003","May 30, 2003","May 30, 2003"
"580: July 20-21, 2021",580,"July 20, 2021","July 21, 2021",
"581: June 3, 2003",581,"June 3, 2003","June 3, 2003","June 3, 2003"
582: Chattin' With Jared,582,,,
"583: August 1, 2021",583,"August 1, 2021","August 1, 2021","August 1, 2021"
"584: August 5, 2021",584,"August 5, 2021","August 5, 2021","August 5, 2021"
"585: August 8, 2021",585,"August 8, 2021","August 8, 2021","August 8, 2021"
Repost: Episode #25,25(Repost),"March 20, 2017","March 24, 2017",
"586: August 11-12, 2021",586,"August 11, 2021","August 12, 2021",
"587: August 14, 2021",587,"August 14, 2021","August 14, 2021","August 14, 2021"
"588: August 15, 2021",588,"August 15, 2021","August 15, 2021","August 15, 2021"
"589: August 18-20, 2021",589,"August 18, 2021","August 20, 2021",
"590: August 24, 2021",590,"August 24, 2021","August 24, 2021","August 24, 2021"
"591: June 11, 2003",591,"June 11, 2003","June 11, 2003","June 11, 2003"
"592: June 12, 2003",592,"June 12, 2003","June 12, 2003","June 12, 2003"
"593: September 2, 2021",593,"September 2, 2021","September 2, 2021","September 2, 2021"
"594: September 7, 2021",594,"September 7, 2021","September 7, 2021","September 7, 2021"
595: Boulder Missiles and Gettysburg Nukes,595,,,
596: Possibly Too Much Wacky,596,,,
"597: September 14, 2021",597,"September 14, 2021","September 14, 2021","September 14, 2021"
"598: September 17, 2021",598,"September 17, 2021","September 17, 2021","September 17, 2021"
"599: June 13, 2003",599,"June 13, 2003","June 13, 2003","June 13, 2003"
"600: September 22, 2021",600,"September 22, 2021","September 22, 2021","September 22, 2021"
"601: June 16, 2003",601,"June 16, 2003","June 16, 2003","June 16, 2003"
602: Sandy Hook Response,602,,,
"603: October 3-4, 2021",603,"October 3, 2021","October 4, 2021",
"604: October 5, 2021",604,"October 5, 2021","October 5, 2021","October 5, 2021"
"605: June 17, 2003",605,"June 17, 2003","June 17, 2003","June 17, 2003"
"606: June 18-19, 2003",606,"June 18, 2003","June 19, 2003",
607: A Chat With Mike Rothschild,607,,,
608: Jordan Takes The Wheel 7,608,,,
"609: October 20, 2021",609,"October 20, 2021","October 20, 2021","October 20, 2021"
"610: June 23, 2003",610,"June 23, 2003","June 23, 2003","June 23, 2003"
"611: October 29, 2021",611,"October 29, 2021","October 29, 2021","October 29, 2021"
"612: October 31, 2021",612,"October 31, 2021","October 31, 2021","October 31, 2021"
"613: June 24-25, 2003",613,"June 24, 2003","June 25, 2003",
614: The Purge of Gates,614,,,
"615: November 8, 2021?",615,"November 8, 2021","November 8, 2021","November 8, 2021"
"616: November 9, 2021",616,"November 9, 2021","November 9, 2021","November 9, 2021"
"617: June 27, 2003",617,"June 27, 2003","June 27, 2003","June 27, 2003"
"618: November 15, 2021",618,"November 15, 2021","November 15, 2021","November 15, 2021"
"619: November 16, 2021",619,"November 16, 2021","November 16, 2021","November 16, 2021"
"620: November 23, 2021",620,"November 23, 2021","November 23, 2021","November 23, 2021"
621: Reset Wars: Episode 1,621,,,
"622: June 30-July 1, 2003",622,"June 30, 2003","July 1, 2003",
"623: July 2-3, 2003",623,"July 2, 2003","July 3, 2003",
"624: November 30, 2021",624,"November 30, 2021","November 30, 2021","November 30, 2021"
"625: December 5, 2021",625,"December 5, 2021","December 5, 2021","December 5, 2021"
"626: December 9, 2021",626,"December 9, 2021","December 9, 2021","December 9, 2021"
627: Reset Wars: Episode 2,627,,,
"628: July 10, 2003",628,"July 10, 2003",,
629: Black Goo and Space Covid,629,,,
630: Mr. Jones Goes to Washington (To Sue Congress),630,,,
No One Is Mad At The Crew,S010,"June 30, 1998","June 30, 1998","June 30, 1998"
"631: December 20, 2021",631,"December 20, 2021","December 20, 2021","December 20, 2021"
632: Christmas Message and More,632,"December 25, 2021","December 29, 2021",
"633: December 30, 2021",633,"December 30, 2021","December 30, 2021","December 30, 2021"
"634: July 11, 2003",634,"July 11, 2003","July 11, 2003","July 11, 2003"
"635: January 6-7, 2022",635,"January 6, 2022","January 7, 2022",
"636: April 27, 2009",636,"April 27, 2009","April 27, 2009","April 27, 2009"
"637: January 13, 2022",637,"January 13, 2022","January 13, 2022","January 13, 2022"
638: See You At The Cross-Rhodes,638,"July 2, 2021","July 2, 2021","July 2, 2021"
"639: January 17, 2022",639,"January 17, 2022","January 17, 2022","January 17, 2022"
"640: January 22, 2022",640,"January 22, 2022","January 22, 2022","January 22, 2022"
641: Formulaic Objections Part 4,641,,,
"642: January 24, 2022",642,"January 24, 2022","January 24, 2022","January 24, 2022"
"643: January 28, 2022",643,"January 28, 2022","January 28, 2022","January 28, 2022"
"644: February 2, 2022",644,"February 2, 2022","February 2, 2022","February 2, 2022"
"645: November 4, 2014",645,"November 4, 2014","November 4, 2014","November 4, 2014"
"646: February 6, 2022",646,"February 6, 2022","February 6, 2022","February 6, 2022"
"647: February 8, 2022",647,"February 8, 2022","February 8, 2022","February 8, 2022"
"648: February 11, 2022",648,"February 11, 2022","February 11, 2022","February 11, 2022"
"649: February 14, 2022",649,"February 14, 2022","February 14, 2022","February 14, 2022"
"650: July 17, 2003",650,"July 17, 2003","July 17, 2003","July 17, 2003"
"651: February 18, 2022",651,"February 18, 2022","February 18, 2022","February 18, 2022"
"652: February 21-24, 2022",652,"February 21, 2022","February 24, 2022",
"653: February 25, 2022",653,"February 25, 2022","February 25, 2022","February 25, 2022"
"654: February 27, 2022",654,"February 27, 2022","February 27, 2022","February 27, 2022"
"655: July 18, 2003",655,"July 18, 2003","July 18, 2003","July 18, 2003"
